﻿,comments
0,啊啊啊啊啊啊啊
1,高三
2,高二加1
3,可惜了关谷，，悠悠
4,没多少戏应该是请不起了
5,大二
6,高一了
7,高一了
8,高二了
9,高二了
10,这个片头出来我不行了
11,高二
12,高三
13,高三了
14,展博和婉瑜呢？
15,大一了
16,大二了，永远爱爱情公寓~
17,谢谢你，爱情公寓我的童年，我初二了，我等你。
18,初三了
19,初一了
20,九星人物搬进这里
21,有新人物搬进这里
22,初二了
23,高三了
24,？？？？？
25,不是关谷
26,大二了
27,官方玩梗最为致命
28,大二了
29,初一了
30,高三了感人了
31,衔接的挺好的
32,对不起一菲裙子太好看了
33,初一了
34,大一了
35,初一了
36,初一了
37,高中看到现在孩子两岁了，希望结局好一点
38,哎
39,我高一了
40,高一了
41,高一了
42,高二啦
43,高一了
44,高二了
45,高二了
46,高三了
47,从八岁到18岁，看完爱五我的青春也要落幕了
48,还是那么逗，哈哈哈
49,初二了
50,高二啦，当时四年级开始看的
51,工作8年了。。
52,初三了
53,泪目，，爱你们每一个人~
54,高二
55,高三来了
56,高三了
57,大三啦
58,一群小屁孩！
59,娄艺潇不愧是音乐剧出身诶，身段和声音都好棒啊
60,我都高三了
61,啊啊啊啊啊啊啊啊啊啊啊啊啊啊啊啊啊啊
62,初二了
63,初二了。
64,高一
65,别的不说，娄艺潇唱歌是好听的
66,高三了
67,？？？？？
68,高二了
69,高二了
70,初三了
71,卧槽一镜到底
72,初三了
73,爱了爱了
74,初三了
75,高二了
76,前面中国boy的别走
77,高能！高能！前方高能！
78,初三
79,怎么这么多高中的小崽子
80,大一了
81,从小学到高二了呀
82,高二了
83,大一了
84,我怎么都大二了
85,公寓里这段是一镜到底诶
86,啊啊啊啊啊啊
87,啊啊啊啊啊
88,哈哈哈哈哈
89,高二了
90,天哪我已经大一了吗
91,高三
92,幼儿园了
93,秘籍之我黑我自己
94,大四了
95,大一
96,我都30了
97,大四了
98,儿子打酱油了
99,高一
100,高一了啊啊
101,高三了啊
102,高二了
103,尬
104,毕业了
105,19啦，10年过去了
106,大一了
107,诺澜男
108,假的，我不信
109,boy！
110,高二了
111,人都不来，还参加婚礼？
112,博三了
113,龙不吟虎不啸 
114,演员也许已经不参与了，但关谷还在，悠悠还在，展博还在，宛瑜还在，为什么要纠结那么多呢？你们看绿衣服的那个，不就是关谷嘛，大家还是都在啊~
115,啊啊啊啊啊啊啊啊啊啊啊
116,圆梦了啊啊啊啊啊
117,高三了
118,初三了啊
119,啊啊啊啊啊啊啊啊啊啊
120,我也初一
121,大四了
122,羽墨啊！
123,毕竟是歌剧的形式嘛，怪怪的感觉中更重要的是情怀与感动~不是嘛！不喜欢的ke
124,哈哈哈哈哈
125,高三了
126,高一了
127,米奇妙妙屋的别走
128,毕竟是歌剧嘛，可能有些人看不习惯，大家不用在意啦~最重要的是我们收获到了青春，欢乐与感动，不是嘛！
129,诺兰去找白老师吗[滑稽脸]
130,诺兰！！！！
131,初三了
132,研一了
133,盲猜他和诺澜
134,弃
135,哈哈哈哈哈哈哈哈哈哈哈哈
136,说实话，整残了
137,高二了
138,高二
139,高一了
140,哇！！！！！
141,高一了
142,啊！！！！
143,初三了
144,初三了
145,啊啊啊啊啊啊啊啊啊啊
146,高二了啊
147,高三了
148,高一啦
149,要不是这里人太多 我真的哭了
150,爱，爱情公寓的每个人
151,卧槽，狗哥?
152,初三了
153,我我我初二的
154,希望5别再抄了，不然童年真的毁了
155,高四啦
156,犬来八荒！！！
157,5年级了
158,我现在大一了
159,初三了
160,怎样理万机？
161,高二了
162,研一啦
163,有孩子了的 怎么说
164,非洲大冒险？
165,官方吐槽
166,lisa声音有丶好听
167,大炮哥
168,我才初三了  小学的时候就爱看
169,高一了
170,初一了啊我
171,大一了
172,卧槽hhh
173,羽墨，终于来了
174,高三了
175,大师兄!?
176,高二了
177,高二了
178,纳尼?!
179,得罪太多人了，戏份没了
180,李金铭我女神！
181,高一到大学毕业工作4年
182,高二了
183,青春
184,高一啦
185,啊啊啊啊啊啊啊啊啊啊啊啊啊啊啊啊啊啊啊好看
186,尔康
187,金铭是我的！
188,高一了
189,高三了
190,娄艺潇我爱了
191,大四了
192,高一了
193,啊～诺兰～
194,迪士尼警告
195,泪目
196,毕业了
197,高二了
198,哈哈哈哈子乔跳舞像老年迪斯科
199,工作了
200,高二了
201,曾肥贤
202,大四了
203,高三
204,初三了
205,大三了
206,哇哦
207,ohhhhh
208,？？？？
209,？？？？？？
210,斯内克
211,金甲战士
212,时间呐
213,研一
214,初二了
215,高三了
216,哈哈哈哈哈哈哈哈哈哈哈哈哈哈哈哈哈哈哈哈
217,烂尾了呗就是讲
218,高二了
219,上头了
220,高一了
221,毕业了
222,高二了
223,初二
224,初三了
225,sneak
226,初三了
227,必须追
228,高一了
229,毕业两年啦
230,高三了啊
231,高三
232,初二了
233,大三了
234,工作两年了
235,？？？？？？？？？？？？？？？
236,初三了
237,好听!!!
238,我大二了
239,高三了
240,前面的，不是得罪太多人了，是电影演的太烂，电影关谷都没在，没看到吗？
241,律政先锋
242,初三啦啊
243,高一到博一，抄袭就抄袭吧 我只管觉得好看就行
244,原来是一镜到底
245,胡说八道根本不一样
246,初三了！
247,有点尬，说实话
248,大一了
249,刷年龄的什么心理？弹幕礼仪白过了？
250,初三了
251,大四了
252,高三了
253,高一了
254,放屁，根本没有什么《碎片》
255,高二了
256,展博呢
257,研二了
258,突然枯燥
259,哇哇哇
260,初三了啊啊啊
261,啊啊啊啊
262,初三了
263,雨墨回来了
264,进度条撑住
265,初二了
266,小学到初三了.
267,大一了
268,md老子从中学看到大二
269,高二啦
270,高二了
271,我也高三了
272,我大四了
273,高二了
274,？？？？？？
275,大一了
276,第一季有你吗
277,初三了
278,诺澜
279,张益达哈哈哈哈哈哈
280,下次你摇个头就行了
281,啊啊啊啊啊啊啊啊
282,高三了
283,高三了
284,哈哈哈哈哈哈哈哈哈
285,给蓉蓉姐姐打电话
286,青春的句号
287,我大一了啊
288,大四了
289,追到底
290,小学六年级了
291,博二了
292,博二了了
293,高三了。
294,羽墨啊啊啊
295,胖了。
296,毕业了
297,大二了
298,初三了
299,高一了
300,高一了
301,都是读书的小朋友呀
302,从大学到为人父
303,就我一个社会人吗
304,初二了
305,高二了
306,初二了
307,高九了
308,我初一不配说话
309,高一了
310,明显年纪大了
311,鸡皮疙瘩都起来了
312,等到我都结婚了！！！
313,毕业了
314,官方吐槽哈哈哈
315,hhhhhhhhh
316,张伟！
317,啊啊啊啊啊啊啊啊
318,诺兰！
319,啊啊啊羽墨！
320,魔鬼的落蓝
321,hhhhhhhhh
322,一年级到九年级了
323,大学了
324,大二了
325,只要不是烂尾，我就看
326,结婚3年了
327,高一了
328,高一了
329,高一了
330,高三
331,大一了
332,我高一了
333,高一了
334,初三了
335,关谷还在吗？
336,泪目
337,诺澜和一菲在一起
338,大一了
339,羽墨
340,啊啊啊啊啊啊啊啊啊啊啊啊啊啊啊啊啊啊啊啊啊啊啊啊啊啊啊啊啊啊啊啊啊啊啊啊啊啊啊啊啊啊啊啊啊啊啊啊啊啊啊啊啊啊啊啊啊啊啊啊啊啊啊啊啊啊啊啊啊啊啊啊啊啊啊啊啊
341,展博婉瑜呢？
342,我去，卧槽
343,大四了
344,大四了
345,真是狗哥？
346,高二
347,高一了
348,看完也要开始我们自己的人生了
349,行囊里装满了丝瓜藤和肉豆须
350,大二转专业大一了，四年级级入坑
351,大一了
352,好激动
353,瘦了
354,很强，官方吐槽，致命啊
355,这腿啊啊啊w
356,高一了
357,高三啦
358,初三了啊
359,我初三了
360,大一了，泪目
361,高二了都
362,胖了
363,高一
364,初三了
365,诺兰！
366,研一
367,益达
368,益达哈哈哈哈
369,人生巅峰
370,啊啊啊啊啊啊啊啊是我磕的cp！！！
371,高一
372,有点期待了
373,大一
374,高三了
375,我只感兴趣爱情公寓之紫禁之巅
376,nb！
377,美嘉可爱
378,海澜之家？？？
379,我高三了
380,我想知道羽墨呢
381,我锤我自己
382,不想看全新伙伴。只想你们聚齐，宁愿少人，不要新人
383,一年级了
384,初中到大学
385,高一了
386,落蓝这个腿
387,高二了
388,官方自黑
389,初三了我等了好多年啊
390,高二了
391,我幼儿园了
392,罗兰警告
393,高一了
394,高二了
395,高一了
396,高一了
397,纳尼
398,我大一了
399,爱巢公寓
400,不要期待啊知道了是抄袭剧！！！！！
401,啊啊啊啊啊
402,初三了
403,？？？？
404,抄袭与否，对我们现在来说，已经不是特别重要了，，我们喜欢的是那两个闹腾的屋子，是那一群人，抄了还是没抄其实并不能影响我们对他的喜欢。个人观点，，不喜勿喷。谢谢
405,奇怪的舞台剧
406,高三
407,印度？？？迪士尼？？？
408,陈赫胖成这个样了
409,陈赫出轨男
410,我还以为他们要跳新宝岛23333
411,都胖了。。
412,高二了
413,大一了
414,我初二了
415,大一了
416,大一了
417,高一
418,高三了
419,印度咖喱咖喱
420,高三了
421,初二了
422,大一了
423,大一了
424,大一了
425,大一了
426,还好还好哈
427,大师兄换人了
428,厕所出来，必定是他哈哈哈哈
429,我大二了
430,要哭了
431,还以为切腹自尽23333
432,不管怎样一定会看
433,哇
434,高一了
435,高一了
436,啊啊啊啊啊啊啊啊啊啊啊啊啊啊啊啊
437,@贤宝宝
438,高一了
439,初二了
440,初二了
441,官方自黑最为致命
442,六年级了
443,初二啦
444,大一加一
445,ohhhh
446,羽墨
447,高三了
448,初二了
449,娃儿都三岁了
450,看到出轨的人emmmmmmm
451,出轨
452,高三了！！
453,高二了
454,高三了
455,大四
456,大四
457,真香
458,自黑模式
459,大学毕业了
460,关谷回不来了。。。
461, 我毕业了。
462,感谢你的陪伴
463,为什么大师兄这么有喜感
464,初一啦！
465,泪目
466,啊啊啊啊啊啊
467,泪目
468,抄的也很好看.接受不了就别看.
469,大学毕业了
470,厕所战神
471,当时看的乐得不行
472,？？？
473,大四了
474,毕业了毕业了00后
475,da就我一个人大四？
476,高三了啊
477,张大炮
478,大师兄瘦了呀
479,还是雨墨漂亮
480,结婚了
481,高三了
482,哈哈哈哈
483,大二了啊
484,原来B站大部分观众都是高中生吗
485,从初中到大学，爱五追定了
486,高三了啊
487,高一了
488,上大班了
489,只要张大炮
490,贤宝宝也老了啊……
491,哇！！！柳铁二的！！！
492,初一了
493,大二了
494,如来神掌!!!
495,初二了
496,这季有外景了？？？？
497,当年初三，现在慕尼黑读研，我终于有了公寓，却也失去了最想共住的人
498,听不懂哈哈哈哈哈哈哈哈
499,宛瑜呢
500,展博呢
501,大一新生在线期待
502,大二了
503,啊啊啊啊啊啊啊啊啊啊啊啊啊啊啊啊啊啊
504,美嘉好看死了
505,女儿都9岁了
506,大二了
507,大一了
508,自黑???
509,变瘦了
510,高三了
511,我高一了
512,陈赫!
513,高一了，石家庄一中
514,有点尬
515,啊啊啊啊啊!吕小布!
516,初四了
517,大师兄瘦了
518,洛男
519,初三了
520,我初四
521,高三了
522,高一了
523,高三了
524,大二了
525,啊啊啊啊啊啊啊!爱了啊!终于等到他们了!
526,高二了
527,哈哈哈哈官方吐槽
528,初二了
529,snack！
530,张大炮
531,可以可以
532,skr
533,skr
534,预告片都这么烂？
535,初一了，滑稽
536,我觉得不好
537,关谷啊。。。
538,我高三了
539,初二了
540,工作三年了
541,下次你点个头就行了
542,张益达
543,？？？？？？？
544,三个月了
545,我初二啦
546,烂啊
547,高三了
548,大师兄瘦了
549,啊啊啊啊啊啊啊啊啊啊啊啊啊啊啊啊啊啊啊啊啊
550,大一了
551,一群上学的孩子，回忆什么青春！让大叔我来！
552,一定会看的！我的青春啊啊啊
553,我去冲爱奇艺会员了
554,毕业了
555,关谷说了不会参演了，抄袭问题
556,初三了
557,我也高三了！
558,大九了
559,这真的是回忆啊
560,官方自黑最为致命
561,我只知道最胖的肯定是赤赤
562,啊啊啊啊啊啊我意难平了六年了啊
563,青春回忆
564,啊啊啊啊
565,自嘲
566,啊啊啊啊啊，一菲，小菲菲
567,大二了
568,？？？？
569,大学毕业了
570,大一了
571,高三了
572,???
573,大二了
574,我都大二了
575,大一了
576,大二了
577,我大一了
578,剧透？
579,一直给侧脸是因为脸有点歪了。。。
580,我大一了，女我和她爱一在一起，爱四之后一年分开
581,高二了
582,初二了
583,工作了
584,大四了
585,最喜欢张伟
586,泪目，终于等到你
587,高一了
588,哈哈哈
589,怎么没那么多弹幕了？。。。
590,我高二了
591,六年级了
592,上小学了
593,呵
594,高一了，抄袭毁童年但是还是偶尔怀念
595,小学到大一，谢谢了
596,就抄袭没说
597,大一了
598,皖鱼呢
599,注意张伟
600,厕所标志
601,高一了
602,高一了
603,大一路过
604,大三毕业了
605,大三毕业了
606,初三了！！！
607,美炸了！
608,我大一了
609,迪士尼行为
610,发型
611,益达
612,诺澜变好看了
613,居然是真的……
614,大三了
615,再看看第一季的陈赫，这是胖了多少
616,秦羽墨
617,工作了
618,高二了高二了
619,嚯，改音乐剧了？？？？
620,不是一般的胖……曾大贤
621,哈哈哈哈哈官方吐槽
622,啊啊啊啊啊啊哭了
623,好期待
624,演技有种好尬的感觉
625,啊啊啊啊啊啊啊啊啊啊啊啊啊啊啊啊啊啊啊啊
626,哈哈哈哈哈哈哈哈哈哈哈哈诺澜之家
627,诺澜！
628,卧槽
629,初二了
630,卧槽卧槽卧槽雨墨终于回来了
631,啊啊啊啊啊啊啊啊啊啊啊我最爱的一对
632,啊啊啊啊啊啊啊，我最爱的一对
633,初二了
634,啊啊啊啊啊啊，我最爱的一对
635,三浦研一
636,初二了
637,大师兄换人了？
638,哈哈哈哈哈哈哈哈哈哈
639,高三了
640,官方吐槽
641,张益达
642,雨墨变成御姐了
643,我要哭了！！！太感动了！！
644,张益达
645,大三
646,追定了 只要不是烂尾 这是我的青春 曾经循环过的剧
647,张益达
648,啊啊啊啊啊啊啊啊啊
649,烂尾了呗
650,吕子乔跳的像老年迪斯科哈哈哈哈
651,啊啊啊啊啊啊
652,死神
653,雨墨啊啊啊啊
654,哈哈哈哈哈哈哈哈哈
655,没换啊
656,33了
657,我明年中考。。
658,卧槽？
659,全新？
660,啊啊啊啊啊有雨墨也不错
661,研二了
662,大三了
663,呼和浩特市二中～中国医科大学
664,高二了
665,大三嘿嘿(º﹃º )
666,当年那个三年级的小孩 现在高一了
667,这...让我等如何对敌（黑）？？？
668,高一了
669,高三了啊
670,12138
671,大一了
672,大三了，第四季的时候全班一起追剧
673,高一了
674,我高五了
675,大一了
676,大四的马上毕业实习
677,酒吧妹妹一直都很漂亮
678,.
679,哈哈哈
680,Me？？？
681,这是苏宁的阴谋（广告）。哈哈哈哈
682,snake！！！
683,lisa
684,哈哈哈哈
685,小龙虾之旅
686,高一了
687,结婚了
688,高一了
689,大二了
690,27了
691,还不如不播
692,初一了
693,哈哈哈，张伟
694,啊啊啊，雨墨
695,一定看
696,？？？？？
697,哈哈哈
698,高一啦
699,喵喵喵
700,结婚了
701,前面说出轨什么意思？
702,大四了
703,大三了
704,初三
705,初二
706,黑自己，牛批
707,工作了………<。)#)))≦
708,我还是喜欢曾小贤
709,高二了
710,初三了呀明年中考
711,丽萨
712,woc
713,律政先锋
714,有孩子了？？？
715,哈哈哈哈哈哈哈哈哈
716,关谷不是走了吗？
717,好好听啊这一段
718,还有展博也走了
719,筹备婚礼这句太好听了
720,弱男
721,斯内克
722,展博！
723,又是厕所出场
724,哦
725,对哦
726,大学毕业两年了
727,陈赫身价高了请不起了嘛
728,宛俞
729,三百了
730,益达君
731,大二了
732,展博呢
733,哇
734,你是忘了还欠一记如来神掌了？
735,不管尬不尬，这就是我们的青春
736,初三了
737,我高一了
738,大师兄瘦了
739,大一了
740,还是人不齐
741,这个转折简直完美啊
742,又来了这个抄袭葫芦娃的！（狗头）
743,大一了
744,啊啊啊啊啊啊啊啊啊啊
745,关谷没有被封杀，展博的演员也讨厌抄袭所以不会出演了
746,我高二了
747,大学毕业了
748,初三了
749,毕业了
750,大一了
751,哈哈哈哈
752,我上大一了再也不是小孩子了
753,初三了
754,Ohhhhhhh！！！！
755,爱五啊啊啊啊啊啊啊
756,高二泪目
757,高一了
758,第一季确实有张伟，但只是路人
759,研一了
760,这高音是练过的
761,高三了
762,高二了
763,高一
764,我最喜欢顽瑜
765,大三了
766,高三啦
767,我高一！
768,高一辽
769,从小学到高二！
770,这部剧不是涉嫌抄袭吗
771,播完这季，就只剩回忆了
772,高考完和你们相遇
773,口区
774,大一了
775,大意了
776,高二了
777,哈哈确实像ME
778,霉霉的在这！
779,金甲战士
780,小学四年级 到现在高二了
781,弄得好像爱乐之城啊。
782,舞台剧的感觉
783,变了，怒过还是要爱
784,张伟胖了
785,666
786,我高一了
787,没换啊
788,初三了
789,初三了
790,高一了
791,大一看的第一季 现在已经工作n年了
792,随便吧，别抄就行
793,二年级到高二
794,初三了
795,大学毕业了
796,30了
797,这个服务员真好
798,瘦了呀
799,诺澜好好看
800,lisa
801,子乔还是帅的
802,官方吐槽最为致命
803,哈哈哈
804,一菲！！不愧是音乐剧专业的娄艺潇啊
805,卧槽
806,我都研三了
807,啊啊啊啊啊啊啊啊
808,工作4年了
809,高一了
810,啊啊啊啊啊啊啊
811,初三
812,高三了
813,高三了
814,一菲太好看了
815,大班了
816,大二了
817,要关谷
818,这是吸取教训 提前打预防针？
819,如来神掌还有一下没打完呢！！！！
820,初二了
821,？？？？
822,我高三了
823,高一了
824,哈哈哈，最喜欢张伟了
825,高二了
826,高三了
827,高三了
828,高二了
829,这宣传片是不是和炉石传说在同一家做的？
830,大二了
831,大一啦
832,大一了
833,诺澜！！！
834,初三了
835,羽墨!
836,美嘉不管怎么看都好可爱
837,我最希望看的是宛瑜，理想型了
838,高三
839,必追
840,啊啊啊啊啊啊啊啊啊啊啊啊啊啊啊啊啊啊啊啊啊啊啊啊
841,前方苏宁警告
842,高三了
843,反正我会看 我最爱的cp还在 
844,高一
845,初三了
846,我初三了
847,大三了
848,大三了
849,高一了
850,高二了
851,大二啦
852,官方吐槽最为致命
853,帅
854,大一了
855,诺澜！！
856,哈哈哈哈哈哈哈哈哈哈哈哈哈
857,尬
858,大四了
859,孩子10岁了
860,？？？
861,啊啊啊啊啊啊啊
862,小学看到成年
863,从小学到高三！！！第一次充爱奇艺会员是为了爱情公寓四！
864,啊啊啊
865,大一了
866,啊啊啊啊阿
867,啊啊啊啊啊啊啊啊啊啊啊啊啊啊啊啊
868,大三了
869,女神
870,大四
871,大四了
872,电影是感动的
873,爱乐之城？？？？？？？？？
874,？？？
875,大三
876,大一了
877,卧槽卧槽卧槽卧槽卧槽
878,羽墨！！！！！
879,哈哈哈哈哈哈哈哈哈哈哈哈哈哈哈哈
880,高二
881,高四
882,大三了
883,拖糖
884,高三了
885,高三啦~~
886,你们的青春真的有点廉价
887,高三了
888,金甲战士
889,为啥她俩都有孩子了，悠悠和关没有孩子？
890,老子都大三了
891,人家这个是真的亲了诶
892,毕业了
893,嗯……没有陈赫
894,大二了
895,美嘉一直都在一菲的后面……
896,高一了
897,我当初真的好喜欢啊，我还记得那些年我追的日子，每天下午都专门买好零食，就等着它晚上播放
898,高二了
899,高三了
900,只要一菲和曾小贤在我就一定追
901,大一了
902,啊啊啊啊啊啊啊啊啊啊啊子乔美嘉
903,高三了
904,来了来了
905,大一了！
906,大一了！
907,是啊，每个人都有去留的权利
908,啊啊啊啊啊啊啊啊啊啊！
909,想想不管怎么样我都要先看几集，就算给自己的童年一个结局吧
910,大一了大一了
911,美剧都结局了，再不pa
912,大二了
913,高一了
914,美剧都结局了，再不结束等着自己编吗？
915,研一
916,走不了了
917,高一了啊
918,一般把观众什么gua在嘴边的一般，都崩于第一集
919,高一了
920,初二了啊
921,宛瑜
922,？？？？
923,六年级了
924,迷的一批
925,啊啊啊啊啊啊啊
926,雨墨啊啊啊啊啊
927,谢谢款待！
928,高三！妹的！几年了！
929,what？
930,弱弱的问一句这抄的又是哪个美剧？
931,大二了
932,大二了
933,大二
934,大二
935,大二了
936,！！！！！！！我圆满了！！！！
937,楼上！诺澜一菲的带我一个啊啊啊！
938,展博说了在让他演这个现在的他演不出那种感觉了
939,哈哈哈哈哈哈哈张益达
940,！！！！！！
941,一镜到底啊！
942,下次你点个头就行了
943,高三了
944,高三了
945,大二了
946,大四了…
947,？
948,啊啊啊啊啊啊啊啊啊啊啊啊啊啊啊啊啊啊啊啊啊
949,子乔胖了
950,我工作两年了
951,初三了
952,细腰
953,胖了
954,等一下，狗东变苏宁了？哭了。。。还我狗东！
955,蓉蓉兔
956,尬晕了
957,好尬
958,高一了
959,洗地
960,就没人记得展博和婉愉？
961,高三啦l
962,杜俊，没换人
963,哪里尬了……
964,大五
965,哈哈哈哈哈哈
966,瘦了
967,张伟
968,？
969,歌舞剧？
970,我大一了
971,绿衣服的好像关谷！
972,啊啊啊啊啊啊啊啊啊啊啊
973,啊啊啊啊啊啊啊
974,都这么会唱
975,弹幕呢
976,初三了
977,海澜之家警告⚠️
978,尬癌犯了
979,.
980,大一了
981,是不想演而已
982,官方剧透最为致命
983,咋全是学生
984,小学到大二
985,毕业啦
986,高二啦
987,所有人都长肉了，只有雨墨瘦了
988,高三了
989,高三了
990,初三了
991,哈哈哈哈哈哈哈哈
992,艾玛真香
993,大一了
994,策马奔腾
995,大二了
996,大三
997,大一了
998,？？？
999,别的我先不说 反正这个up主绝对是想p吃
